,Cycle,A1,A2,A3,A4,A5,A6,A7,A8,A9,A10,A11,A12,B1,B2,B3,B4,B5,B6,B7,B8,B9,B10,B11,B12,C1,C2,C3,C4,C5,C6,C7,C8,C9,C10,C11,C12,D1,D2,D3,D4,D5,D6,D7,D8,D9,D10,D11,D12,E1,E2,E3,E4,E5,E6,E7,E8,E9,E10,E11,E12,F1,F2,F3,F4,F5,F6,F7,F8,F9,F10,F11,F12,G1,G2,G3,G4,G5,G6,G7,G8,G9,G10,G11,G12,H1,H2,H3,H4,H5,H6,H7,H8,H9,H10,H11,H12
,1,-10.7286657786494,11.2177269350805,9.63843243220799,13.7279842510925,14.2512356175275,22.6924759925096,-0.770694339666079,15.9219489857228,-7.50361433799071,12.6815282608136,3.08362119358071,-2.50591119127193,-6.05612547381361,19.7877091340433,17.1417016599944,29.1799764106099,19.8021600005809,-0.0723043159646295,-11.3615655472013,-6.3182805288111,2.5569626955139,-4.83502975827059,-5.31900192571084,5.60034304228384,2.44399459272199,7.04707868714695,4.40328070588112,-10.8291917056204,-14.5534498955976,-13.1779506717207,-16.3525595480914,-17.6910991454647,-14.4370943815698,-14.1164658932303,-18.4394269005015,-22.5894739257992,-15.3854301078131,-10.6987108662579,-5.2236615075908,-21.7560821758275,-22.7066699736929,18.80560836934,-24.0282296093687,-25.3246833276153,-27.2076778655969,-17.6708172153808,-8.63504270996737,-11.5729738987288,-11.7820137875024,-12.7030795163919,-10.8242203944769,-9.37654126026882,-21.7461353676008,-2.72861524415566,-10.4522837731943,-7.03160329621505,-2.72715723185138,-3.31482221960596,-4.44475997100744,-11.2472101623348,-4.04548543500414,12.1278481671206,5.76386097356271,6.28191593429619,-0.314683073788274,-1.89280417897908,-7.32154281076737,-4.40093386671424,-8.25056779792976,-8.31612620415945,-5.47732735547152,-4.45049009003787,-14.4000451876241,0.897155110727454,0.337899040779575,-1.11972344764035,5.55659676876121,1.3300389547594,-8.67345811604446,-4.15503027502609,-4.45155105656704,-12.0847989549134,-14.5225240380291,-21.3441676493371,-14.3622540585511,-11.5641794165208,-9.53112655342147,-21.1422255274706,-11.2415051235766,-10.7024212105011,-3.49245295967057,5.80798916531967,-14.3547884593004,-20.682490278376,-7.4594844289395,13.6394551683329
,2,5.73176928428938,7.66895164564767,13.0430686940281,15.2910955698367,15.706052651889,15.9387510489501,2.0888049310829,13.9171533303393,8.22717543016233,13.0158186282342,3.03990899671271,-2.15228919577112,3.65720396659844,20.6908531379599,12.6435167678719,18.38019688038,27.2013769791911,11.454164285934,-3.96013527539026,0.50139342704324,13.1385149391594,6.09747093213264,2.97921915121196,2.17176695606986,5.02878267682945,9.13612669364102,0.205543107622361,-1.71960178412928,-8.5709770844087,-7.79593689525791,-9.82213209131805,-13.7154312122293,-6.17430366450617,-9.45399359813791,-9.5292640055286,-15.1857982876163,-9.93732526345639,-5.86234269409033,-7.2588772823924,-14.2186438368117,-13.680069123604,22.1112463195177,-16.3833978376251,-11.1754311632826,-23.0466870823011,-17.2229727440927,-4.93215833336353,-11.5207990273684,-6.45738991860981,-9.15890790361118,-4.03148826682718,-10.574090824522,-20.8086950675479,1.3546895766749,-3.86336347709403,2.51138505128893,-0.260704925978644,1.77193742208783,2.39638779417146,-2.89326546417624,8.48728728074775,12.5920895479526,6.8213886211106,3.43240089124811,2.66548403284651,6.09038786173005,-3.19762719215078,-0.556520468753661,1.07930467729921,1.15383695092078,-9.25355189781885,-4.3427813658891,-7.58750684718098,1.14542818018072,7.16013572595193,3.25609518141709,8.81638850281297,5.12111126039508,-6.05672589593632,-2.85471526749143,0.116557770662894,-5.36596041749817,-9.25744857076643,-14.8849570394955,-12.4047214423031,-3.59797182255215,-5.90644185517749,-10.1948110378876,-8.37800241228661,-14.5104159061398,-3.27545667132108,7.62365429107422,-12.2931194708044,-19.6913940874665,-4.21714779249533,20.0106813448933
,3,2.44889295761459,0.386271635803496,3.20473520713676,7.550397489641,5.56557997804293,4.03173757652348,2.33404568956303,5.90417841875023,2.59662058033609,5.71655648463639,-2.91675648953515,-0.499140378109132,2.84940119093562,4.99925672073914,7.77702195415441,9.2474818243204,7.13112965577375,7.79369246842089,0.706979474995933,1.31201987727991,8.08798030675553,4.42420095000398,0.401398919947042,2.36289964149728,3.87862907816179,2.84636271688532,6.16185686918107,-5.62198570710007,-4.63817497188029,-4.97888373131946,-10.4561473089802,-15.9675338280767,-3.64440503453397,-4.75876934924236,-12.1412160548603,-12.2779996594845,-5.73111524229125,-4.34714839233402,-3.98643008821864,-12.7812629433711,-8.87641162317368,26.1024916559563,-13.927551233216,-7.00741450336818,-18.4746631633443,-10.2060856458979,-3.78569008481736,-9.04326165338489,-7.79296383508472,-10.7327951539969,-2.19635344505741,-4.43556843277975,-14.0926476598424,2.49429388474982,-3.72209281843789,0.625328359610194,-1.79797565701074,-1.2405479098984,0.837025987098059,-2.52986189781723,-0.159072385983109,5.1506718068099,0.871465171693671,1.93931874770669,-0.988002768671777,2.5759359883541,-0.40791809215898,-4.14928837913385,1.10825425143275,0.0917358753940789,-3.11321936712375,-3.65012073217167,-8.89762419473436,2.24763548411875,2.82568214122648,-0.730319388182124,3.70913867166655,6.18010428497246,-3.15756259673481,-0.103329960213159,-2.87474922284446,-2.83028009192731,-8.62859410005876,-11.0700837955433,-9.0787123719133,-11.2388464556584,-6.12301510709858,-13.0514747143193,-11.4677151077158,-9.76836662202686,-1.86280350132574,12.7103678648919,-10.8336473423465,-11.2382700100911,-6.25482006462698,23.2375096205524
,4,3.8269645583382,3.21144443755338,4.27703861960981,1.47571889345545,-0.419680849968245,0.471828300667767,-0.584973851220639,-0.368359954691186,2.50651972039896,3.16190904348332,5.79534498804833,1.88990755149416,4.29117463295597,2.18855322035779,1.31068365417377,3.67285002074686,5.76652405285677,3.85966942645746,2.8233562580449,2.1689175162096,-0.0823827706717566,1.98051416740327,0.210580994276825,-2.93243190665544,0.877916024011938,2.56554116115331,1.44337767232128,0.601038914765013,0.590786361332448,-5.6650644241904,-7.88781431768803,-9.88103363651226,-2.36237172188385,-5.97855673832555,-9.8626650110109,-12.4904418828651,-8.93844995292056,-5.23995481505153,-0.998307088838374,-11.0897903340456,-5.96628993706963,34.8033222079375,-14.204481548928,-5.49559489306284,-16.4208227161516,-8.91230072824692,-4.07393157021124,-7.80761486255415,-5.53210410458587,-6.26007120169561,-5.61532301035822,-7.51403785044386,-14.3449431219574,6.55652700557039,2.25853863303291,5.02449332766173,0.424432805072684,2.8958188018587,-4.39564990965027,-3.23213908446451,1.23693124986903,3.4656699104371,2.19722612450869,1.99366927877645,-2.85509075443133,-2.08324056783749,-1.5176487503486,1.6864617960814,0.750870528593623,-1.71208115818263,-3.5494464461076,-3.44288851135616,-2.38694770656048,1.82147851277296,-0.75600298026211,-1.65746665049437,1.3943706614391,3.0085325506916,-0.45504497034608,0.5681937674849,-0.657388555456237,-2.90119718044389,-7.23775555376187,-10.5129942633839,-11.0493649850741,-8.29335948081643,-3.81189569221397,-11.8218365154676,-9.74484811698403,-10.3777203401605,0.677559038800155,6.92060464365204,-8.97554611937539,-8.33697388091832,-5.15714043227263,30.9833461607323
,5,1.98263493256945,0.766467974869556,2.54395256243924,2.47784290882282,-2.15835881414887,0.881288566484272,1.33623129239049,0.137446178059236,2.29634514803229,0.617105569105206,-0.239166132922037,2.25211148156677,0.11216847290234,-0.281873477701538,-0.0245644987562628,-2.40538122982707,1.39274316647288,3.60585707121572,0.650547448557063,0.472663762360298,-1.03682733262349,0.0535567143224398,2.72578349134483,3.42132032337076,0.418574983623785,3.76502466058901,-1.12925837684452,-0.287448687445249,-3.46539324895912,-6.2317041557535,-9.13639765875178,-9.85686590152,-1.84952795437312,-7.15076390786908,-7.09019138967005,-8.52294249775014,-6.22739279082225,-3.09886425494778,-4.13731757616642,-8.19638618881572,-4.50357368000232,38.983225553709,-10.2854485392195,-4.12835039362335,-14.1036769904426,-8.18652454787343,-2.76114584579636,-7.38133256978927,-7.76993224689068,-4.52990246619038,-5.60801262839777,-3.67420631988216,-10.8617253201087,4.8033168397651,0.554193420801312,-1.09703468744374,2.28625876852857,3.20176538761689,0.745402327893771,-1.71529022579125,2.4036207256936,2.02836397415467,1.19258142082936,2.30211545682323,0.189067305971093,4.23663476218871,0.83520044812758,-4.0802525438221,-1.59133528618986,2.77535095277517,0.521003573032431,-4.90355122583424,-4.5358323632986,3.70706830616018,3.71231695428696,0.653224028656041,-1.82360973914138,-1.32819622327952,-2.37894094400599,-0.440975217178675,2.13543090577969,-0.629779239895925,-6.28911559801554,-7.76725068433416,-3.99281186977578,-4.32492470148327,-3.9883716608997,-7.67868359945624,-1.54567050121022,-7.62021485650484,-0.000790469209732692,10.2230044347079,-5.45655916493615,-6.61109098292536,-6.55262536153214,35.4735549974243
,6,0.610012856505818,-2.63392861514967,2.50735830906069,1.8811234101363,3.31225508800935,1.87935676430516,3.46418859605956,1.50652842087902,1.2382360151546,1.11824906905622,5.22514018209995,3.38797419288903,2.49202550506743,2.2561736257685,-0.77075562100481,-2.3511001015504,3.5475586952598,-2.66891691138835,-0.0059951341836495,1.93305339501057,1.51537928497964,1.12546185175142,4.70456140678607,2.24569021073148,-1.00196782930107,-1.567558444729,-0.887828017549054,-1.60131748524054,-3.51753341328413,-5.93946677095573,-4.36551460238252,-10.7604196052621,-2.86534901545747,-6.84692275145653,-2.17346711066011,-5.20806577277153,-3.45284010090745,-3.71199242198236,0.90454228984072,-4.88514041923327,-2.47753971132488,48.0873090742894,-12.9157446844224,-0.994963988418476,-12.2532010346154,-5.14524318603253,-1.63271895235721,-2.45630397489595,-3.27831650005692,-3.10598591758435,-3.27798932235692,-3.45774993319628,-9.06083333407651,8.97767282918267,-1.2843559416383,-1.80736744756041,3.11109524760104,2.88355848543915,2.70243069670005,0.48765552007626,0.183765348550423,-1.67245532975767,-1.40774886602367,2.52714079088537,-1.04604001828056,-0.438899547062647,-3.31909641591346,5.19383368283115,-1.31390133748846,2.28117602940074,2.11539304980442,0.100198703691603,3.31041087691847,-2.1381424719898,-2.65247427121813,2.67715358894793,0.748425300830149,0.0658497010285828,-1.20074456643351,-1.42627846181131,-2.34763632847262,-1.20272654826204,-2.36448747212626,-3.44513304470865,-3.67954272082125,-4.432648324605,-4.9979011227847,-9.13833807232868,-4.38340962878328,-5.26286385828416,-3.0684060410681,6.65823263955099,-2.62784102080605,-5.98614358182203,-4.80648556026517,38.1431644928975
,7,-0.0768676035322642,4.3121960711569,0.674521397262197,-2.03572462568764,0.90305469725763,2.3509307874283,0.639875876006499,0.95776832590127,-0.255074871957731,-1.35099827136219,0.2611902272306,2.56566350588264,0.504950996615207,-1.52165003714254,-1.47737229980794,-1.96141150020003,-4.23943978422858,-2.01298254290805,2.52196662335746,0.706406871408944,-1.36668981246612,-0.517093431093599,-0.0266383735906857,3.22124387056101,2.78821246842926,-1.40552916937122,-2.83767376669675,1.02979287541484,-3.45798257035494,-3.32234630792709,-3.67610999572889,-9.06754653591042,-1.3160153058966,-0.895782920425518,-4.70946351045359,-5.67246949971559,-4.25064559477732,-2.72818688014831,0.100236020496141,-5.06468733630118,-0.492192125117526,50.9238278000748,-7.07001430394985,-2.29241068073998,-7.79920809649184,-5.21313988725888,1.10236388019121,-1.54922657602901,-7.0843316641608,-3.20690772744274,-0.691347005446914,-3.48733789227845,-5.46121633256962,12.6783500645975,1.79463030732131,-4.77010181533706,2.14692334435222,1.64814345102968,1.5340625531453,1.62551358050814,0.0461309240854462,-1.04110003767028,3.86886009143382,3.10334860739204,0.930554810410285,1.24028691957483,0.69019741649663,2.22605150355457,-1.34278109833804,3.30685267520903,-0.329854721615447,6.11941139587861,-3.34186678441438,-0.529083391553741,-2.5458116511245,-2.17523469668186,0.642585333770512,-0.99705900336221,-3.82951290671963,3.40392586510325,2.52037387376458,1.97803123062249,-3.11454434916004,-1.59327332305429,-1.95933870095178,-3.34373837586281,-2.62277484139804,-10.1098114553783,-4.36667407772984,-2.11309538985961,0.782485809475929,3.33368724554475,-1.71094228732454,0.604608608523904,-2.02628317865583,40.846681382724
,8,-0.647574015839382,3.67930795186112,3.03667376346993,-3.23495977207676,4.92143672975453,0.615883739006676,2.8940734884859,-0.214141602310065,-1.94337024965989,-1.63713883054834,2.8641891698112,0.874566433383734,1.02261693753235,3.07734661993436,-3.7627858576584,-1.80307799548427,0.669369732222094,-4.70515840420239,0.271452337510709,1.80859488308442,1.7062872405786,-2.00417513123011,0.732955948691597,-0.0277514568360857,3.65797340238032,1.47943283759605,-0.925141285013524,-0.291687928754527,-1.04148273241617,-3.39277179445753,-4.32428459943549,-5.81706951240358,-0.412993039310095,-2.54560888120977,-5.25094086035642,-1.95469740565113,-2.86732815917503,-3.75615024062881,-1.24637818730844,-1.97110325326912,1.20838681503301,54.4603537827306,-6.49609943073165,2.7293385621665,-2.80325746548715,-5.99308599792994,-1.7547712155133,-3.50807994548404,-3.25285312439792,1.39933442369556,-0.629484190347739,-5.56480544745091,-2.86320602887963,18.7563437256808,4.61357625203982,-1.18660243157319,2.50596084873132,1.56175726484025,0.0577306816894634,2.7429391165997,3.77342997682217,-1.25410893316257,-1.11043884030778,-3.21551722931463,1.37792275416405,1.99001504210446,0.322110016962142,1.32817344645946,0.399091290126762,2.13946050737468,4.14315834213039,-0.526363735051291,0.922123166788424,-1.77630809824723,3.87275457550913,-0.985582757014072,0.675556717008021,-1.27986498865585,-0.899013234082759,-2.0706003043183,-0.377324470608528,0.592009498674997,-0.848373193670341,1.77034701045568,-0.0763201439403929,0.609002893452271,4.2032264640261,-4.33149835030417,-0.0635207563577751,1.53832963148443,0.748342772711567,2.10220533809479,1.22610924961327,-0.380196511534905,-0.225747850790412,44.3007450906757
,9,2.42025039242344,1.13340782753676,0.415642075085088,-0.652632338552394,-2.82726657406511,-0.92107675054649,1.02672745366681,0.741283585772635,-1.12387280634221,-0.859992838164544,0.31017608407501,2.57411025364945,-0.536493204424005,-1.34497124027712,1.15653057881264,0.774879028373562,-3.71571327937136,-4.01840593743145,0.0682414153106947,-0.31081454042851,-4.82986743788524,1.71598563206544,0.399373928314617,-3.08038699298459,-2.64162135643483,0.847489000760106,0.972995968661053,0.103642394092276,-2.61423356619707,-2.97166951496092,-6.86344871557367,-7.54950936979503,0.384607118585336,0.762590504015861,-4.71578540055179,0.909197298782146,-2.69331632754665,0.630083442831619,1.42513834589136,4.26332580270036,-2.81111259840054,52.9885325006371,-6.82096569027453,-2.1018080864078,-2.98852417324406,-5.55219418600564,-6.57758048033293,-3.36845467925286,-6.02741983963506,-4.06564696348778,-0.558574443602993,-2.2489229193443,1.3354457723708,23.6657381188138,1.42367631377647,2.29857042412959,1.39474931092354,4.46772893695197,1.70109651856592,0.804976258543775,2.30659722348719,-0.657118331901529,-0.274623383129892,-3.16848985267188,0.561435477482974,1.46527197251362,-0.518330386995785,0.71634635935834,1.7364208069439,-1.31074843357601,-0.669824319694726,1.30518620206567,1.24006746514942,-1.08578128863974,0.47116547188034,-0.296095742828129,-1.59902586103271,1.01378444283819,-1.47599822139455,0.247807145832667,2.83209748434592,1.12292400183833,0.584069652511516,-1.81526197361063,0.530872876126068,-2.00349337172065,-3.43544322518937,-6.16000165723608,-2.19423456830191,-0.0742972309531069,-2.27444070689035,3.96484686846452,-0.604946303390989,-0.542020185068395,-0.453384491983343,46.1299395946912
,10,1.50017764486893,2.14273242845911,3.04487265076477,-1.95841955956939,1.04858513099362,0.942771166607599,-0.321212495910913,-1.7075608492737,3.26321866735634,-2.54950907477541,2.67613578132887,-0.669539890956003,-4.81628070717306,-3.11647764339978,-0.85469660217268,-3.69065267082397,-5.29001302159031,-2.12357281311415,-0.563957284204662,-0.941538135462451,-0.216086100239863,1.93143963772854,-3.89305440052067,-1.05503852102447,4.13707427940381,-0.960684939152998,0.503790394154748,2.28728685414217,-1.87512523854139,-2.41826553263536,-3.89304151810165,-7.61086364773701,0.549815687896626,0.180420436406621,-0.22835568510709,-0.162699910906667,1.1295631181024,-1.58476454980109,-1.1035910715068,-2.56961839540509,-1.66001322619059,58.7310986617113,-2.89150163969543,-0.659828770938475,0.491074255772674,-0.45845301135023,0.558977526095532,-1.52031073709713,-1.47408696835055,0.69248792985718,2.19767605293873,-1.17739283529318,-0.264021808837697,25.3496237405961,1.48675176322513,4.68130006529691,0.36308032405168,3.33351709575936,1.71144856595674,3.40325813709796,2.82885353815118,-0.641310022256221,2.14182778058193,1.66852345060852,2.7346065917618,3.94251208684182,1.6711551298431,4.70724652606577,2.95243466541115,-1.7026988353,2.20280613759815,3.14449751197799,4.53526268297492,4.36337821155848,1.02940049950121,-0.0137936001560774,-0.165296421600942,3.10480964932231,1.82192334349247,-0.804183212474527,4.24438890961437,1.41563915040979,0.864264052029739,-0.811867330582118,-1.9735385507538,3.59529463113631,4.00007135709666,-0.644068727841386,-1.16244885500419,1.21146470952544,-3.01758546901465,-0.398975228576091,1.70210238010168,1.28773485033253,-2.06263201714546,46.7230466391511
,11,-2.78619005819701,1.18366600711079,0.609474998990663,1.24164366446803,0.0427552788464709,-0.937025802043536,2.28881498236478,-0.245939206314233,-2.25501357343683,-2.49357598610914,-0.0210402519887793,0.10335953741469,-2.09887789693266,-4.71254704750709,-1.00354096132469,-3.63470310177354,-4.11532334702224,-2.74628901915503,0.681166612181642,0.99536015798185,-2.42324028494522,-2.44366948115066,0.767599099453946,3.35662279596818,-1.67324376149782,0.987585487906927,1.25740476227384,-1.0782083589288,-3.48033610574748,0.623953361854092,-0.462195067124412,-5.69656772691815,0.425651842479965,3.36629283733328,-2.06416791956326,0.31860418593169,-0.920883564740052,-1.30147561964031,0.667024736279018,3.4390317267098,1.1134385225364,62.7229459781552,-1.67135349256887,3.55635818550809,6.32446715181914,-3.11877235400289,3.02062183933549,-3.57077996301769,-1.82415072880212,1.3366063098515,3.13280805013392,-1.64727842277034,1.82756787038215,30.6693282188207,1.66995891401439,-0.302709157532263,1.36831783741354,-3.8100611428863,2.53773929488989,2.00046344220027,-0.212551751622868,2.60851818579295,3.83962765869728,-0.149920573787313,4.14922330337777,0.259844572224665,3.62238159252911,2.64446264476601,1.73164694949446,2.11501582389565,1.79962010016379,2.90418573256102,6.44723537327764,-1.39565155621449,2.3206692060885,3.23491819766014,2.21851846049367,2.03624443611898,5.58289162949814,3.37635551973517,-0.114468689195292,3.96412797182575,1.93879921438929,0.891025787311719,2.56722200268268,1.74933999340283,0.956917223817072,-0.769238901016251,4.69976868709273,5.76008860627189,-1.91924066832917,-0.323733370743867,2.71618196567033,0.34402299329804,0.534843531954721,49.8005529726202
,12,-1.53419567182573,-2.10186363120238,-0.352864045526985,-4.69305916212488,1.89623455053743,-2.80964344893437,-1.77059293725915,0.0649684997574695,-1.15593965973403,-0.758940153071308,-0.276949142846206,1.02387977310354,-0.657933719687207,1.12213395224035,-1.17551723257702,-0.288225525723192,-1.34663128240345,-1.67255252575023,0.878520160320022,1.22304795144692,1.24628466242802,0.0327180394019706,0.94524448219363,2.21038160443004,3.38840403780841,-1.54325454552099,2.78173354754063,-1.74058014936509,2.79455794245905,-1.90434835968108,-1.59599042514492,-2.03473898405991,2.05851731944949,-0.547440741649552,1.37691962485405,3.1084640115123,-0.0049504722464917,0.661324826615783,0.596811879751385,5.46015216598835,-0.217654695545207,61.0588178416715,4.89522788286376,5.21917621526654,3.81865928449315,-1.2580725656353,1.19551195497843,1.2529043260206,0.779373350960668,-2.23623400476527,2.28948982144993,0.672934003913724,3.75421488538996,36.5858810285608,2.09628493667333,-0.538583968630974,0.922367890731493,4.90172121803062,1.77518583730171,3.93072011689219,0.299067588510752,0.749631701056842,-2.24423578452297,1.07514463252528,2.8778701786141,-2.32567291666146,4.2738623048167,1.74640776330261,1.92950362421152,0.235678289596308,1.26927019656796,5.83250283316283,6.37189842924363,-0.773942366430219,0.745113987632521,1.06049656983259,3.62763951908528,0.347845844863969,2.42054267621415,-1.38876403711402,6.14193455714167,5.32411510223983,1.08483780170718,0.426164028515814,3.59017645004542,2.37723946592268,2.53945711476445,2.36650282690243,1.02649392787089,4.07584293826449,-1.14191241472963,-0.999510877001285,1.5146573308989,7.6647648919834,-0.472517307746784,46.6497052798845
,13,4.66274068134135,2.72284541969657,1.95279245554138,1.25496835941567,2.50098669108274,-0.207985629138875,1.70470412073973,3.23890319860266,1.50555050749881,1.70229258018844,-1.33381615663257,2.53090590402235,-0.0383402597062741,-2.02867398750277,-1.72233464517967,0.533965841762438,-3.56352383484818,-0.744770922840416,2.95840675663612,2.09535104559518,3.31462706626053,0.229214376674463,1.25301612506291,0.868085014475128,2.15567983568599,1.82846508675357,-2.33045840912746,3.24854356702872,1.26045052387599,-2.47416790601073,1.54830127157629,-0.28946567873345,0.980084812551013,0.846917780013882,6.13395265800955,6.63879380910248,2.62575490871677,5.28669500010801,-0.552368499587828,5.35919569188127,4.45527857568868,61.9309507090429,3.20526304446548,2.2110743340404,5.26592107919805,1.3266418197104,0.15304909978795,-0.0971029384154463,3.17514186057542,2.02838344074644,3.19417917495093,-0.787744224338894,3.17722915675631,35.7974519067679,0.886526014164247,3.28353061771577,2.28474726474315,-0.299032149241157,4.96613729168621,4.14456252027458,1.66079698647582,-0.884099043972128,-1.28375997802414,-3.69454516752103,3.86468584519707,-1.34491651410735,5.55519209503427,2.77000095715812,3.83880799006829,1.50978779333627,2.23170855228454,2.15055474039764,7.38537518606836,3.45211492608541,2.49727281391415,1.04662943161975,0.82546262755568,-1.93284061945405,8.29655812537021,1.91533828139154,-0.927300969242424,3.12554198104908,1.71559551533983,4.95724708512489,1.93798863972734,2.99011523916852,-0.528376325273712,3.54777004171183,4.44685434670464,0.632780051294958,0.974061923071986,-0.977222648590669,4.13403567852311,2.71754455570999,0.831052950584763,53.0933457212127
,14,-0.995402730231945,1.6991834852829,7.40431031718572,-2.50946408883055,2.74662085313184,-4.51643859380965,1.24709452596062,0.187920373101861,-0.533900710570379,2.92348552571593,4.89842623460254,1.97883929771797,3.60845821159774,1.99177734512205,1.31163794557369,1.03072098691518,-0.476168634246278,4.85310683815669,5.62122383174483,1.96303074464413,5.9263956607283,6.4866978168825,3.55589878584351,3.85493766035279,4.11564375442367,5.60212004374216,4.70175574436917,1.4834219786926,0.47743450253347,2.23936505373604,1.41989579160509,3.76166607040159,3.47596851262279,1.27060611758407,4.40401714586596,4.26217735567252,2.04478375968802,1.04544670032919,4.1475457842389,5.59220251544548,2.1118263609178,68.8738701871671,5.25182802084373,1.80204269397018,4.9094444515099,1.82607119191562,0.374437424691223,2.33380535436618,5.32327617171859,1.74045336381687,0.260362074788191,4.57742686314896,1.96141039229178,44.1543686127607,5.04052552272742,4.26573401392579,2.38103731811134,-1.17200850616246,0.912378429338787,4.35218359995542,0.881681540352929,0.553571768108213,0.586282952889178,-0.286231135102298,-0.632003128767337,1.43476836889886,2.23662632027481,0.968056066531972,0.691215718977219,-0.674424314541284,4.56573426137675,1.42491524179923,8.41499248599121,-0.0846676128076069,-1.5846787961832,-1.60307266856398,3.44460736850715,-2.47328383031572,5.96011223816367,0.122942759744092,5.10085303722553,-0.140882614096427,4.74140829033513,5.12852298076314,3.42144432811028,6.0810769566574,2.87662918970409,3.65987041631161,3.18414341489779,3.4967384147003,2.83393873105069,-2.86941638201597,4.78309147571463,0.765418511017742,2.78527327356414,52.5810613362769
,15,6.29804833784874,7.28720436762114,4.63343249443642,0.512310642598095,6.3690232294698,2.04374090538113,3.16529888496007,4.74389247769204,6.65346995161053,6.66330029874462,9.4878094997157,8.60010662228433,6.93474288148354,8.99072650742619,8.4678289593121,9.33061366329821,2.91558017103944,9.18223565545622,10.8049975033819,13.7009128551776,8.6205042421866,10.6231805523876,13.7855836956978,7.36467484201739,12.1356011616481,9.38411252734932,17.663838769392,-1.02478561814587,-0.401704698832873,3.45069872938939,0.118461021653275,3.04288193191132,1.5678061120243,6.33585852180795,3.01185786233873,4.15154958949597,3.63167664018738,4.19358533491868,1.58099532804363,4.39160863884899,5.23763243093481,66.6546562460194,3.88186290537851,3.17755658447322,5.35581362083349,2.00429196761752,0.508369937565931,3.16130590567855,3.3934620841037,3.26683007777547,0.948691513542599,3.58642386105475,7.80229858900202,43.4979122106274,-1.29330490706116,1.4132062207018,0.192976754362007,-1.1695703097148,1.96888259930665,1.51082027242137,4.88528143108715,0.71161790814358,2.62684486111493,-0.621310521940813,5.99125483397893,-1.48156674903521,3.41249791549626,-0.903233211651695,1.17025788893443,-0.617067949834563,3.28979424061481,3.73167308010761,1.7882471910475,3.3455627092203,1.76446373835597,5.05933144407572,1.09083630956229,1.51599637050595,1.59843273322849,4.12873900766454,1.64129968242514,1.74866058674434,3.23659701661381,4.62181623981087,3.40221480914488,6.52606675633751,0.341969432534825,5.03481346161652,2.7661878375493,3.82788581893465,-0.0575374306017693,-3.82240125218232,3.11238705400774,0.743601614909949,1.92825835209078,53.9746104884152
,16,10.9923177182391,10.0616320173535,13.7070903710674,12.2449350809416,12.9084768002567,9.76232637904877,10.5404515228461,11.3884668502433,14.3826233279783,19.6860621864321,18.7543451999891,15.4460815396619,20.3110913227742,16.7691723465114,21.275421831614,21.1382774573913,14.779014508691,21.0797969562745,27.5673644340964,23.376052675465,26.6533613288784,25.3328727469693,21.0038493679099,21.4451573328693,27.2444723162707,20.7979347006417,29.7793537487255,2.94692789670808,-1.53951400826145,-0.164161095011877,3.53727949616814,7.3747376595561,1.3197062680174,3.43992767247664,0.589304920958057,3.18248012978438,3.82715874486576,2.32421594173729,0.0615431067972168,6.50350335017129,2.34205458066981,66.6094473938065,7.45563527288959,0.282097498838539,4.71882781974637,4.15079005995312,4.2960807081995,0.377241556753233,4.21219460794418,3.73060569944892,2.70693074116525,3.27185166239951,1.29512821257231,46.4742150218935,-0.384056213100394,3.28210884856162,2.73269451467422,0.348171738740803,-2.79138471309625,0.753563660171494,-3.26047938535294,3.59992803153227,1.66142337281235,3.4293779714535,0.0468415952232135,2.23720754470423,1.34126815534228,3.45703143394667,0.959749563689456,2.93891058353483,0.899794662524073,4.77599464623199,2.44826682403209,-1.2335790157008,1.71325225405099,2.17113120901104,-2.18717224035436,-1.32087839652831,4.4979451361155,4.15237367247437,3.09337058562915,2.44431392464003,2.8376906996682,1.84743114476987,1.71174421928163,3.69023317137544,5.41124062275321,6.16273580163715,4.68746058675652,7.59013828537945,-3.45172979391145,-0.705649591514884,1.11515570219035,2.37417201174367,0.811344333674242,56.6782069427659
,17,27.7097379794905,28.4284930672502,26.6633323566939,27.2259072435481,27.9085189373004,20.9436497638499,26.1497906423492,23.0380819545908,31.0612777351098,37.1699241918714,41.6427833055859,36.0078113635732,48.2413672224347,38.1510124634269,45.2440054062899,43.6744137876303,37.3263015514772,43.7100714759308,52.226700168972,55.0623606377972,54.4300409404186,53.7337057729933,52.5586376002898,41.8066486647695,54.6810625090843,55.030531763638,62.5706073989495,-0.533606189801958,2.0527218108341,0.500040669630835,1.46637648626029,7.45532395251712,2.20528131534866,5.58757732204867,5.78680876680164,5.2521114882843,1.20976192074022,2.36405902950582,3.58695611725898,0.65048915021498,2.25376470869151,70.2206652291579,8.42042565578549,2.78365231493899,1.41490055750091,5.56206210412483,2.40839574655729,3.63936151836106,3.66128136296493,2.41560688879417,3.90605625084618,2.3287449739878,4.87520581550052,48.2503513641082,1.39060503837209,3.04528949033511,-1.07467747445298,-2.78264462963261,2.53841991927447,1.17654879329439,3.29315821856153,-0.970834361269681,3.55451293661281,-0.0133698616041329,1.28220484192934,-0.7881841155654,0.145117723179737,-1.31023967420469,2.10863043310519,-0.689321074722102,2.04936368575954,1.98752554859402,6.00087911602941,1.85201293392902,3.48156051448632,5.87016466675914,-1.69183251182449,2.03817258991012,8.25074129406448,5.42693439745835,2.43513716094822,1.41964326101743,1.42865232409576,4.59875192739537,4.3714765828995,3.12266161876505,2.18472770038807,3.25102844765024,4.02158489955127,4.88832152620353,-1.83598899968001,-3.54634020740286,2.63996029016926,4.61749774272857,2.66701655436009,58.7664608297841
,18,66.0567908598923,64.4783099587858,59.8346812957343,59.8239660713875,60.6790652745685,55.1910464940738,58.3660624869672,62.3427789473099,74.0515832107822,86.8940913673887,87.4010742127161,75.525088937336,97.9933412146129,82.7529098395112,100.311102488175,93.5846476695306,87.8949308739029,99.3648767474974,107.949089978492,110.357795450554,104.494291375053,102.388491734517,101.574424914546,83.9577346736364,108.756923139731,111.005603300449,118.452878833851,-1.88658588549697,3.30865549556574,5.35882354593696,7.26643111807425,4.49456695593926,0.158720944539709,2.18386204549915,5.95446324375553,4.0604480012812,5.31082062480118,1.43572930559912,3.27817942428783,1.53337394066193,3.72639845172534,73.1146607357632,9.03988580737678,4.27365696088054,6.80492444945821,6.51390021681664,6.31434261779577,5.90490004561025,4.21844943865153,6.05363996370306,-0.209278599664685,2.08072640180762,3.01939931911693,47.12103671163,-2.60076299298225,1.25013249788071,-4.69250635784738,-5.00733623017777,4.22787016139682,1.38672164402305,1.32747253815023,-0.559316607842447,1.36987824128892,2.76551451086971,3.00595186701867,-1.32214438933443,4.98392368034592,-1.35266754632357,-0.87770220557104,0.108074701922305,-0.755321562260178,0.760039482364391,6.23914785761463,2.99814570419767,-1.14358279513272,3.61405163973495,0.0630033509164605,-2.54142619158119,1.73494628862227,3.46817138569986,0.72430959032954,5.51868307469113,4.41097487289335,1.78077078597107,7.30745372385945,7.23873408481131,6.6201336070535,4.90572700006214,3.83003594914771,4.05996851245482,0.147030180125967,-1.48344482215771,3.29544594528988,0.65773175655886,4.47948902699727,58.9533900343604
,19,137.038900585951,136.441813527925,135.390215481558,133.943912212252,136.557865623662,124.399019744297,128.113327041334,127.760459685266,157.535883745206,170.972919553466,175.859103410563,158.516738975357,192.958827720777,182.522819367064,195.466460585059,190.287398801992,178.514263683327,198.020638322454,184.652382377024,190.914888976477,176.557114551316,188.58934554489,184.037029772447,151.186185650351,193.368573885666,193.265126179076,201.963285767499,2.871416699571,-1.76947059438044,4.46895515378992,1.65702712996335,6.95751735260774,-1.45297513603691,3.52749316949303,3.12084235906286,3.62966947577024,4.2111677158,1.87720899089391,3.27799787472532,6.43435431139278,0.235270672108982,73.827172893531,10.3169273923349,0.108104488389927,7.49741362049599,5.02233351604582,2.0230602421525,2.89873693336585,6.12064542574308,2.6606082341882,3.31126211540231,3.50205211175216,5.13085004429013,51.5924061476408,-2.52040753023948,0.83618697284237,-0.0330576645474139,-0.614328740912242,1.58967543267909,2.10067379684051,-4.5577334141517,1.09664234332649,-0.414659536189902,3.13531438085784,0.413813080730051,-0.120913211336301,1.73851968442841,-1.73530204743338,0.84617150240274,-1.16686972513753,0.179450243869269,5.29120624827783,0.447580523069519,1.66986767993922,1.90638507168615,1.05098415617795,-0.423230234867788,2.50774832358866,2.58139784385958,2.46399137084791,-0.0132978029373589,2.64694933328155,4.15112118511934,2.32755122969047,2.04495525472885,1.51460644297867,4.69248078297505,1.86944937855969,5.77168027996004,4.78311108426669,-1.37822837523527,-6.37256198804016,2.10171030167839,8.25518638148469,3.74679581018745,58.9924247571544
,20,262.384494518105,265.584840899105,268.898899890407,262.567150912274,258.904282207855,242.815202693282,255.71052833138,241.615303263619,301.419547548222,310.150577248019,318.175717609216,289.989268543273,348.057729803108,324.763550986574,356.765128632337,336.104602333296,333.705347573933,355.716074212536,284.212550845598,295.346624703625,271.675491501374,278.479472356752,268.309913885058,225.513974261194,300.591840534431,297.044620236905,305.903770687194,1.44659568840689,6.13538178899671,5.59465034370896,7.23388708249513,5.66282304645665,2.17664082248166,2.95788370654873,6.01035149939526,5.55722572136028,4.09127848542221,4.3263093784185,2.36780394279231,4.46748219352412,-0.15360335004425,71.9531281972536,11.9017579495462,-0.0424184914572834,7.51945994167318,9.32881932280861,3.35203698298164,1.57046673038576,5.94570086016711,3.72743447045741,0.554343603315374,3.4449839168451,3.08242418671171,49.9435672385316,-0.465201239106136,2.82542261589469,-0.421774811182786,-0.082913634140823,-1.86685854002417,2.58703381605164,3.05262878501799,-0.266090991227429,2.94993415031604,-2.80620494310824,2.33193972035951,1.59986607958308,1.28882066184406,1.86677016368594,-1.03848440365527,1.37359056854939,0.987312017468412,1.58944101916222,2.20022716211088,3.0328967435903,-1.17611678870799,1.99512122926217,0.156406758160301,-1.13643808227471,3.2273021049341,-0.77623722158387,-1.30051852672477,-0.419511352601148,4.01893706717738,5.85146538624167,5.05432868929074,7.2614622597689,1.57236780290168,4.430692434511,5.6772608180122,5.6198656868728,2.03334967117053,-6.97187100738529,1.16808640571298,4.42356378424938,5.67639828092979,59.5200283276886
,21,443.415203905962,444.953664002428,447.248258112202,440.311994219144,427.666441746806,414.687713561669,428.410245794023,401.731383620519,503.987124475688,494.588559013335,507.612692011674,452.730943429471,551.609186188473,516.424852536465,562.17667387897,534.2449499532,528.063880972883,564.867582378658,382.50515245016,398.047928235449,362.723104302909,373.871009107467,365.217168906156,307.004061193796,401.48422953875,396.427162976781,404.641144022195,2.01109659674921,3.09427699022717,8.50793593208482,5.68839675089657,7.80747360273972,4.1690680072561,2.60136185560441,7.20630672167863,4.83856063423627,6.6344290664897,0.747523950012237,-0.537701864239807,3.17976684449513,2.44804404561592,74.1047555477217,12.0946550167491,3.55259189927119,1.92649990052678,3.90392792199145,1.64147008548889,7.25224815202546,5.67519074102211,7.42126127549682,4.23040305691165,5.66962015056424,7.16623718416076,52.4889607955852,-0.436374627210625,3.8515444925365,1.26665526314491,1.25020616000756,-1.25689010233555,0.658376629683971,-2.02864418262971,-2.16508837835818,-3.92360036433593,-1.26660621579686,-2.89423599788097,1.67461847706045,-1.98474163242781,0.115223633742517,2.11762286330668,2.58453541011659,2.1076351458637,2.18812373688252,2.5255554961077,1.98793437535278,0.714257155432279,2.01189140991755,-1.28484463469385,1.24545666192626,2.47047321728542,1.75579938815417,-1.40831824627685,3.46826589879856,3.76822585730133,3.584927903069,3.20136915007379,7.92877825407231,2.20695986344344,3.41734990365421,6.49004002971742,-1.12296137286012,0.897013564239387,-8.92778477189313,-0.299346846448771,6.02940336845722,2.86012750439158,61.412051155517
,22,648.255768564498,648.508924988639,655.494749329243,643.651651084393,623.152926205153,602.699276883721,627.762446340821,581.784197054613,716.286044717137,682.325131474643,697.302105264883,618.088012204016,758.120475316071,710.410179059132,768.368598064023,734.773833361035,729.210438268551,775.189545447641,479.591352961188,499.729579930111,453.455247586193,467.78909041736,459.53177494629,386.463110415844,503.132839836046,493.623045007008,502.039955194569,2.91255184657575,5.51534398622789,6.45512134777346,5.61414653244583,3.6774583753031,3.27419903836562,-0.702543313778278,7.03968480865342,7.34828213917035,6.55702008957996,4.03447792091265,-1.16653582090521,6.2925372762511,3.90497379223416,73.7806744895634,8.30753484167508,0.638574442954905,4.0428629363646,1.99005941521955,2.58971990625332,6.30978048669658,8.1329728852661,4.75894757584911,2.17953953822598,6.22380547701505,5.71128324448819,52.6160203047407,1.02227221770909,-0.229805357436362,-1.64895068223814,-0.782824475484631,-5.06319889728366,-0.185341526623233,1.79341303127558,-0.111455808605569,2.33450499340552,2.05468211833022,-0.481069322900566,-2.25490866650898,-1.05174596885627,-3.70618314655212,1.73398400923497,-1.625496314457,0.837774976588207,-1.0265932248285,2.17145447778557,-0.184145443123725,-3.56916403606056,2.61512954741374,1.36563350465349,2.61808096403365,1.52518000988175,1.12014330120337,-2.89015722169052,1.63300928746912,5.02789076915587,1.99746693580801,7.22066676053873,2.06085581203115,5.48234225025089,5.54742935171271,9.60284879720666,3.03039649806806,1.58357743806482,-3.20243475941425,6.27007498235616,3.61253753764277,6.1966319042308,63.7893914020483
,23,849.270138709868,847.435142756156,859.793484410323,842.659167414803,820.536769735364,786.515414096911,823.803782658635,759.515392409925,932.80067508742,869.799862231409,885.885753815087,783.307920118908,962.68759300022,902.720963420261,974.384144192915,934.535628296299,931.016078810275,981.755480827769,573.706205578649,598.320474275832,541.674330171098,559.199606501631,550.370805508913,464.154676285666,603.049902500135,589.36748393595,597.766407846441,0.345028219507185,5.59127184151748,7.35472295768614,8.80536818853352,8.88457444967116,4.14928823794844,4.00768575575285,7.00324965966411,4.03264867772305,7.54746444461489,4.03464876408816,2.00767529648829,0.70148494444993,0.573257085686691,78.4831999264788,8.16740871709771,0.707600035545056,6.01852071423264,5.07320100985862,0.696696522747516,6.1981376422541,4.96395957690902,4.91040726958636,3.0434204991875,7.22711436237842,8.59092076263414,52.9920129167203,-1.34883510648524,2.20320980114275,-2.72337914223726,0.514823670196165,0.308797542745651,-1.68909956754896,0.136397187373859,-2.69736881380413,-0.927438423560943,-1.86375206516504,-2.74862332388466,4.55391594512184,-2.11146809012371,1.5735272604029,1.0471873013671,3.31201087027239,-1.88473134855485,2.63531223543987,-2.1909176330123,1.65718552304861,1.33316880836173,-5.02745231391918,-0.445580589841938,0.392207019909165,-4.00185373058321,-0.093827007973232,-4.78458086604587,1.96635166712804,7.40637025715205,2.5847359652721,5.7016695657785,4.02230583594974,4.97790012254654,2.03206713957525,1.11975808022407,6.83686162696813,4.90162107347624,-4.80632520202289,4.39974912566458,4.66249518066024,4.29206710011476,68.5779612299825
,24,1042.65954041371,1038.61751257881,1055.71778088449,1033.30521394757,1010.98429244139,963.448155045571,1012.51783851519,931.151224727573,1141.37155901824,1048.21791313421,1066.76712682802,942.096541768027,1158.8896936999,1087.33584234566,1168.33874638303,1123.58802055857,1123.28338313399,1179.27342757681,663.394274819746,690.433958549527,626.371129350006,646.150962812437,634.40698978066,535.028742867256,699.67916993256,680.558705365518,688.112950450829,-3.3887120832419,4.44723293249035,9.33577705995458,6.18771576457038,5.91907691144115,-1.25961269447498,3.33291210444258,8.31060209071848,6.18476593393825,3.27955213624864,2.84229996339855,4.82468946415202,1.65283098746704,4.70570088582645,75.0083703655573,9.98472375876554,3.41761764194507,4.23920359168778,7.25749135917704,3.82481642794892,7.40568066618835,6.84843997834332,5.98841211698664,0.77960986205926,2.09330285664601,5.68569362703829,56.7531648571103,-0.419952645910143,-1.35979564545687,-3.90931807050538,0.185018573692105,-0.504795746905529,-0.303296967624647,-0.847562646118604,-3.90353241707908,-3.18863185992132,-1.87514567897597,-2.06670854504,0.193815016492863,-0.546007973007818,-2.46809296134461,0.683654019933783,-0.98949470398793,-3.3683806752806,-3.71362178830668,-1.14787762506694,-2.94455952688895,-0.389229750101094,-1.60827947172766,1.8329172699905,-1.84999770411969,-1.06900501702967,-2.11452769242214,-4.62910149269646,2.00511745166341,5.79386738244966,5.07568415383912,3.23668110217432,2.13953112038098,1.861516401269,3.15840580760869,6.50463984152248,4.0170361666369,5.3237591136126,-4.35129532698602,1.81554546683765,1.85006626004633,7.47455930869137,69.1194063051726
,25,1222.70364748249,1215.0134976518,1236.41601845247,1210.57786686317,1189.69102082801,1127.20010427803,1186.9276716538,1090.23050147644,1335.20236680305,1216.71414780778,1238.02997869812,1091.24356716215,1341.72324623634,1258.79669967787,1352.21493657255,1301.73022891983,1303.56877796721,1362.86099691444,747.973453269851,778.792130146752,706.886896328873,728.493943597838,715.946929308006,601.620233721654,788.58161911043,768.164160564249,775.123851502974,3.3759173287026,5.85986144087883,5.74402325139727,5.09457234412093,6.83916697764653,-1.79618280054092,6.11985557367916,3.72962188322708,6.9488655199284,2.35524381200685,3.96886869921173,2.52237770008333,6.04748493390025,4.24424784450866,79.2661148783654,10.2193805020129,2.14569721483986,6.11095594334302,5.50140557802706,3.07348657949478,7.30259412266969,5.43977324254229,5.78930045918423,0.837930174240228,4.65243247698345,1.58355024529419,56.2536259164672,-0.439437952750268,-1.16542795962641,-1.2329168654469,3.77131719531508,1.79458989609702,-3.44511143532782,-2.26684812361145,0.994296903870236,-2.44254982075063,3.01412634874623,-1.91550223678996,4.05391498290328,-2.28841808464767,2.36762815172506,-3.04740450207373,-1.78018616223244,-0.10183205942576,-2.32205617962973,0.49728804455026,-2.48486548217807,-1.81482953242676,-1.71229525858917,-2.19641911329336,-1.04880597269857,-1.43526480289529,-1.69333733873054,0.415763356279513,-1.18740985067643,7.41820743035441,4.02933812380661,5.53035497994415,2.108821396645,3.70363786451117,3.64648370403302,1.37748905283115,0.790139048798665,4.68781209874032,0.0854515483715659,6.77851620333877,2.75604821616389,2.50831957790933,69.8458073700103
,26,1387.18633178841,1379.4164352957,1401.05194534307,1374.21995156258,1348.91024307868,1279.08472259692,1345.64672476372,1233.35855625359,1513.47277644597,1372.54112859517,1394.8018700736,1228.24352987771,1512.07244843559,1417.4729054559,1521.15161112137,1466.46176294151,1471.01638326739,1534.96995244654,827.586575723795,863.124873760193,782.694743592288,807.576104168866,792.185468877037,663.65549236976,872.928777092391,847.768542512931,857.670192828013,1.99738571217404,6.04662617890017,6.38007969630917,6.5162443146537,4.42635391276826,2.77788051217976,1.76254474040024,6.0107926067999,3.83762313020088,2.61885792563953,1.66693966820594,-0.328676079332126,7.66516885289639,1.53362466227372,75.6982598232789,4.33247766591239,0.75447779745673,6.49258067109349,3.8866488966305,3.02288700137024,6.79281204188601,4.65629617878358,0.545136067036765,1.56486121130138,6.0973184661525,4.73503783545084,56.5314946803865,-1.13117820616981,-2.98291978389761,-0.416987174710812,4.50846721455309,-2.75438363341254,1.88580781800056,0.337587689050451,0.963742801860917,3.46015771748944,-2.18261362883459,0.945850176411568,-0.00714454975786794,1.1266294890288,-1.62363650432917,-2.69058178396745,0.58494977903274,-3.52991586618691,1.33019707377707,-1.36505686981673,-3.10245307204968,-0.912918016745607,1.131528100575,0.845997531700959,-0.800413125401064,-5.26957793202109,2.37317017951364,1.07684743288519,-0.675924379856497,3.50095588163322,3.31049142343727,3.87023698556459,1.07023330580387,-0.354124422695349,1.79418255935161,5.67976302266879,4.66427787671955,5.20684033856151,3.7776666033501,3.61927765734481,8.95914410029491,-0.387026663669531,69.8668400000993
,27,1536.45185871989,1527.25539958799,1550.19886482559,1521.96986848126,1493.60931920328,1416.25167000434,1491.41270101079,1364.16756446975,1675.9255108706,1516.16415930823,1538.46886729437,1353.14629245326,1666.11274380578,1561.86424266558,1675.19375171517,1617.05114247058,1622.9839088267,1691.02227766171,904.725706420967,944.064820940107,855.899864639484,883.907421388888,867.100778760082,725.523556056128,953.652989682277,925.818317022006,937.926783595694,1.91921224893258,3.94112218982718,5.83754194114363,7.86887559548268,9.46981670299783,3.45591344243439,3.24517336182043,4.71764295198955,4.22247194301008,2.50038265530338,2.59299256126678,0.485049633075505,4.47558554136185,4.7297930715049,76.9631923915163,7.55311701156188,5.21619170710665,7.57494381735023,5.11724447498818,5.4708768568139,8.83815758939681,9.20713185904833,5.39628809493843,2.67520266744577,4.19216500994116,3.74886814633464,58.6177461187353,-2.59107876422831,1.13875354564971,3.95470320804088,5.68523682190289,2.12166877500704,0.541868020209222,-4.19280371256855,0.581721892142014,-0.168081260519102,0.896714553207858,0.963906342697555,1.20550572721004,1.6019345762179,5.36730281166911,0.680850928297332,0.296673455271957,2.19775704296399,-3.73726420582989,-3.24550482866107,1.07830206689323,0.479975078952975,-2.43361459934886,1.07089560706618,0.217920082157889,-1.87194742671727,-1.32594402454333,-2.83353095404709,-1.46453244537588,4.12486803208367,2.14657642509428,4.22578079619052,4.25973728227882,2.03708286658593,1.97505827936084,6.03245725540637,4.24042970773326,8.2603524521428,3.36126057947877,2.9420406446884,2.89911569703372,3.97588265587274,72.1194399916885
,28,1671.83805107843,1661.33152045459,1685.19932998297,1652.44525184078,1622.01580964128,1538.82939570763,1622.29637637297,1480.61791059127,1817.48339212384,1645.8944557544,1667.51761705617,1467.3690486298,1808.37784003792,1694.37808984825,1815.11221573753,1753.38258574121,1756.57595902481,1833.01240204231,979.369927744391,1022.11923341289,924.302204138809,957.529012658433,937.90167737834,786.748561556349,1030.57760039737,999.807420698667,1014.15880527707,3.78465587154142,4.65617297902691,2.71978013400303,4.21296441553159,10.0570815839146,7.60656877772772,2.83656710641571,4.42333073858254,3.3286783063063,6.21631673282036,6.11102937723172,0.863215910907002,3.12967155461865,3.58540253239016,79.881514375787,7.35219278182331,-0.337036580718177,5.37840467099841,5.15878884982294,1.63761687014767,4.26648688103614,4.44999377073736,2.80209889751404,2.39141477074963,5.48352339482835,4.40475930081539,57.9534796080384,3.3346924566863,5.08127591705397,5.99420040992254,9.5838427797903,6.31069544447746,4.06482741405534,3.9416865711778,2.17053025269479,1.0881905155511,1.57510562659627,3.5137375051454,4.14668146871782,0.713213664148952,2.09207462441827,4.09746547517989,1.8166741673308,1.21135867223575,0.468755568332654,-2.15354093326778,-2.1271178622269,-1.6084461505834,-0.213150143953953,2.41479458500862,-1.08678244732801,-0.159924867026803,-1.17247586972235,2.549550377375,-0.92475390130312,3.33160131084469,0.302671295117761,4.14651750892517,1.6947369180466,3.8055228569101,3.84992560047112,3.21896237940973,1.39450505863124,13.5648864887112,4.0667978373026,6.50424170392398,-0.165772623900466,4.60007346383918,71.4548222960666
,29,1793.91932533017,1778.8498589848,1805.31654068251,1769.07966756805,1735.90304963817,1647.84173711661,1738.09115695878,1587.9309023115,1944.72909320179,1762.44406967457,1784.98006127879,1570.42188313997,1935.78126500149,1812.98249223588,1941.41890160748,1874.90105292731,1878.13521829194,1959.86837084955,1051.16746517786,1097.22485278984,992.329280398194,1028.15940530343,1005.80130818528,844.352393696575,1102.81956265565,1073.19077640758,1087.18718645645,3.1156322440861,3.34595235526331,3.76414762525064,7.65821852501813,4.34371108059713,-1.48754553584331,0.931008983497577,4.00302136164055,7.68456266507155,4.87569460565874,0.104160588909053,4.2967349077785,0.675077330623481,1.68243346407871,78.3821790333232,5.72416020763512,1.91885753386578,3.43070533203627,2.02060750252849,0.764872504460982,6.56736962264631,4.28641609646002,2.77092608404109,0.831774641027096,1.73294928717132,1.27355692784431,60.4730180439574,7.53319592496655,-2.21529042943303,5.96999685292894,14.9178938786627,11.2105797175373,7.15407825142893,10.239122002843,8.60983560812247,6.20806722842372,5.02527607725051,1.77774623772302,9.92236848515904,1.9596785165063,4.26215890175354,6.95949744591098,3.13120454053887,2.52069282772527,0.913153627602242,-0.650310589012406,0.81757955487501,2.58928309493967,2.45116114173334,3.60650735682202,-1.90588981323845,1.62102756862259,1.87501892701493,3.34058347798145,0.115891978610762,3.4630955373118,3.26107814679654,2.61233736683562,-0.458004354781224,1.83557833743134,2.91450460075703,-0.811079403030817,3.08680023627767,9.68710527287021,5.4320443064953,4.85089845994571,3.89898987567813,4.0653573229124,76.898040638469
,30,1899.37895368188,1883.02068935268,1909.90854443566,1872.21116952243,1833.17484830997,1744.7616864281,1839.96403178476,1680.8768019586,2056.18513087334,1864.45449608458,1889.57228543257,1663.24062769534,2050.74909996895,1919.68606543806,2056.30275701939,1985.85948274544,1988.89166000813,2076.61656785768,1118.21958927728,1168.08019744833,1056.58667977251,1095.33241397828,1070.45884445136,899.591252933103,1171.25157987309,1141.98244084959,1156.13530759526,-0.979685284314655,3.84467004323733,3.86418465979204,4.77897082617847,4.84946926803332,1.53894704162803,2.57143537743286,6.74904481962358,5.07208397121212,2.68912177636457,3.423785731105,1.37446348546791,6.27688571802582,2.61348734670355,79.0394457921175,7.1362682769186,4.75331731739971,0.53727923041879,5.0539969828269,1.65817946081916,2.97269438785497,4.51237509000111,2.9375499351836,4.42495281088668,2.49451138344693,2.78494042561124,60.4452642659712,19.1561614526827,15.1669367563891,15.949525714735,28.549144694864,19.0202766288567,17.1640480108381,14.92103062257,22.1795096406777,18.3540129912922,17.9015828644947,5.10886018858582,14.925032289892,2.15512563664561,12.3190963225384,14.0705793710317,9.93776820666835,10.8083847280132,3.58561422309458,-1.65749561051689,8.53190031534541,7.56142179481913,3.26355506822665,1.37343636604555,5.62198873023044,1.71349867194976,3.07494056684754,7.27510890331769,-4.62290986702919,1.80759916244233,2.13391796889846,4.23146389170552,-1.1903597710334,3.17761681954426,0.432794412846761,2.00103016527873,1.76274587974558,9.92973558754875,6.82959223439548,1.72840087018858,2.74655417028453,3.33855890831865,71.3504397730753
,31,1989.2067462434,1972.766781406,2001.73690974093,1964.83651752394,1920.41593687859,1829.05246055159,1929.07496438332,1762.84379355159,2158.6347731155,1954.88848717743,1983.67771107552,1745.99315426543,2152.11964884272,2013.95509284369,2158.65119359661,2084.60824727348,2089.13181369221,2182.16345139862,1182.07801417693,1234.93021994794,1118.81035239528,1160.59252774364,1132.45297592983,949.728143280743,1238.74934559665,1210.82809694579,1222.9263069398,5.09051953681501,2.61846968462987,3.77096035995191,8.70571217142242,7.58928378875089,7.03310755908706,3.9635411612021,3.91207065712342,5.20340233885099,1.50619153274556,3.06340023634584,0.555304438683379,3.46443254760152,3.64058657715395,82.9919436470818,5.68603491853173,3.52716529172994,2.0540177268972,4.79718791867299,0.92025412523617,6.70615726096412,1.67520188365097,3.43837471302686,1.31403438703364,2.26108469551036,3.14338327440464,67.0412350331858,40.3171429303948,29.1834218691529,29.0808519851985,45.9951155713984,35.6167213591175,29.7482525878818,33.9154721029349,37.8045249133734,37.3185571591257,31.272146565535,15.0032994423023,30.2598946440703,12.4284563481347,22.7213446381602,27.0371654108235,21.1553507488866,21.0564651134514,11.0725328759672,2.6847643127121,10.1305042053154,10.5650609750096,10.4499226029434,7.61354157517007,6.27883499726977,6.24246506270947,9.4915099413488,9.51108212399913,-0.183600215810202,-1.23435096551111,0.846778266225101,4.32897391704546,-1.04802206624254,-0.0845934648737057,1.55739919164989,1.92166482012999,-1.02199149379703,7.83906305412893,0.868953388348473,3.48648472489367,0.421765575112659,3.86767532245676,76.5152923978608
,32,2067.25071792391,2052.98135325971,2080.94562652981,2043.49821934515,1995.40810923285,1902.82556598269,2006.75988730856,1831.91946090504,2244.95750474368,2035.45581692552,2066.76087840602,1820.82287837184,2243.69336013876,2100.73421695482,2248.94465892994,2173.66023097233,2179.32011384041,2276.04597590379,1243.3672187078,1299.99365034705,1178.91606753319,1222.45236153209,1192.0057774941,999.09860592565,1302.89828963562,1274.75691217506,1287.382354111,4.79486101312659,1.95864188888754,2.25366507631634,3.97826536099456,7.37738410064003,1.18620799232303,3.42102123448194,6.14997347637836,2.55671271540086,5.18187991287368,0.147583694376408,-1.06298438710292,3.12191832194685,1.83563542600859,86.5126373147473,2.71724513258323,3.60373668332704,3.87759897900878,5.44381201336728,-0.618040906237184,2.66043671865373,0.093640322261308,-0.528849835589426,0.788975659982498,3.38647706175288,1.15490186405168,66.4949772447076,78.4548186811353,58.772029159461,58.1748298390348,88.4317316851007,67.6389603685984,64.5079102634577,65.5358448668726,70.0780108063509,70.1374637373151,55.7590256106118,30.3939874325938,53.1990609534218,29.3027453562468,39.4811123637169,49.5541124856722,41.1285170195733,35.405111520673,25.8311131131618,6.27496279480783,23.3314535854543,25.5897205642623,18.6486128549354,13.2294263046474,13.2202519472862,16.008528007429,17.001135104123,34.9490969117032,-1.71195273666899,0.330266299476079,1.72780735378183,-0.923235763728371,3.618008897854,3.22048389913334,1.65121817171575,-0.491025366638951,1.06828286620475,11.4715924251441,9.06397360701294,0.892432791232295,0.396100005291373,0.953731667046668,73.7722503694813
,33,2137.29169665922,2123.03726271504,2150.82184219216,2114.48402780564,2064.45052922554,1966.83980680694,2072.19683182065,1892.23350411025,2321.51653218526,2107.24266583038,2137.90399779102,1885.62428350178,2322.6218611241,2177.60088748223,2330.06024189603,2251.38712334622,2258.05284065888,2356.98051271459,1305.6718305548,1363.88024765478,1237.83445644819,1283.03424046358,1249.70079433439,1045.99769822287,1361.80896567597,1336.85776273137,1347.97648038833,-0.709423731772858,5.34722866892071,0.605375999213265,2.32637967444361,4.90916231208803,-1.1231162182612,2.68637773991304,4.6197467212296,4.10764060885231,1.62055011795883,6.67925378257996,4.28423647164072,2.55634569603717,3.08214484892142,82.1851004483715,2.7027645317221,1.185834728793,5.35301079228566,2.37247263196514,1.87288027679006,4.74319299457466,-2.59651591209877,1.68451013451295,-0.387558067071495,1.87070221375097,0.575822779935152,63.2202720218279,142.662315406421,118.157065534575,101.499590345321,160.537331618252,129.910985727448,115.925783683187,123.483081651646,134.94008528616,130.743958985551,105.669200848776,61.5667635296099,100.90622692931,54.0081385200992,72.9091902175242,95.3241388902507,77.8770422453549,69.2767345730017,55.3388285497786,18.0481099639569,42.9301816435182,50.9695356188763,35.355020816206,26.9083837179865,28.8438707419423,39.2880697208793,35.8405116177796,65.1703682929428,-1.38819428049646,1.59931805101814,-1.29456374060874,3.25046018917647,-1.24150045064971,-2.42608891493364,1.41885075793562,0.232361173734716,-2.75198888769364,10.3787881641974,9.82642145688123,2.70470524650318,0.687917739639033,2.49480651075692,78.3883000849323
,34,2198.52575645501,2185.0411709659,2210.08746075077,2173.85242116562,2121.89092778461,2023.72173403794,2130.36806130476,1944.58622672928,2385.20085875499,2169.39796027489,2198.79148256806,1941.32912633139,2390.93703926878,2242.20548413604,2399.48866307214,2321.48345939341,2328.39565069871,2428.05681842826,1362.99622793399,1424.4965341456,1295.54838106298,1342.60181271233,1305.36319560281,1091.16924747608,1414.70196420849,1394.60341139097,1405.90702899248,0.563721880746925,2.80868855403878,6.88129338485169,2.39946599890345,3.93488849550567,1.46147431711552,1.08863887290909,5.15580011765542,2.2520543166288,7.48878332993809,-0.211984956129982,-0.257019792776191,2.29053267772633,0.780424754213072,84.0002926454222,4.34296135509067,-0.432709910787253,0.711753613813926,4.99395559224013,0.345129496225127,2.3654575888645,2.4337002998268,-0.222410710753593,-0.259054893601842,2.9281143014382,1.11718713735854,69.1632640743478,257.069855016987,219.484410807873,190.446230495861,285.773150244515,241.206583000283,206.191586385264,231.363009720606,243.036198388131,245.486526486875,192.684336188042,118.240357125232,185.034311071165,108.925921554576,139.175679026664,182.279482682556,148.353948223849,131.691424288184,109.508582561096,38.5398390106516,84.0555800929733,95.4429342026933,55.4843737298115,57.8797047402995,58.2618115841096,70.4867584043623,66.9628156289077,120.406619202872,-1.82391845585198,2.12739563465038,2.23361791737671,-0.206553729628922,-0.95591188385788,0.947930718036332,0.873403037764547,-0.224499542452577,0.516954051514858,8.15209748937059,6.39632182670221,2.52960782957871,4.12900402930063,3.32841390175781,79.2770159423853
,35,2251.74245685977,2236.42180160578,2263.40020700309,2227.88311606254,2172.10112521644,2071.88495801803,2182.5046570879,1990.73239600235,2445.24615100155,2223.21643205695,2250.64874018359,1987.58217490064,2451.38188568408,2298.46428032537,2464.0164337722,2382.61175435351,2388.95149699692,2488.22098629509,1419.77046748127,1481.58408441382,1349.38129116151,1398.15112662653,1359.26866239561,1133.77806159439,1465.46574202256,1450.81757047301,1459.98816141498,1.16461005297833,0.0745439373140471,4.18667032264011,4.56350978378305,2.60333935882318,2.06352477923519,2.388643690555,3.60125308061924,0.423452378407092,3.51734826559277,1.14120390907601,2.51207369590702,2.43143507512514,3.97042102097566,86.3742613544196,2.19917588037924,-1.82430139646158,3.21236932864713,1.44773496821335,0.647204414422959,4.20344113987539,-0.657736330729222,1.33427479371267,3.0421814112533,3.23398084078917,0.636805189481038,70.1302421062187,435.235039258682,382.234329351655,332.253527505201,510.759808224273,410.898244186871,360.181014501246,403.277615492537,415.821349925513,420.513244760379,336.243528479351,216.749805758328,321.192477387703,203.619217225197,245.885260017952,318.770880304421,261.475457686651,234.665939559497,196.410416433113,80.9560662945291,156.185937835251,169.563503603669,104.473815433387,102.862871907975,107.250229494695,132.345367202352,124.397679952875,209.09082933729,-0.743089009010873,1.02870019884131,-1.2366372671313,-2.61177785717155,-0.666876200855313,-0.352580482453959,1.14512115097159,-1.1358515805432,2.21390892557292,9.62344355545929,5.03599391855096,2.35353992789305,2.56539022862171,3.10068854657675,78.9830614249427
,36,2296.0556943834,2282.26365730582,2309.83195112892,2271.40376882279,2212.42295215966,2113.469442982,2226.81899321603,2030.84466425886,2492.62752132647,2270.68621151169,2298.3021575886,2031.22695555626,2501.82634765378,2346.64605999425,2519.56697372648,2436.6194133188,2440.61919746344,2542.15803955487,1473.40893601267,1535.70861346374,1401.34826436924,1450.51918061722,1409.68578909772,1173.97218124277,1512.42361475738,1502.9670330213,1510.73695207813,5.12310593522716,3.49948078024909,-1.33458901194854,1.60813011792015,2.27559773513713,4.52346671888927,0.438106735840393,-2.96074166102107,0.598161775323661,2.58520288050204,2.64904842720352,-0.105658965968814,-2.92131854563968,0.487065397575861,85.1673204128851,-1.04562035625122,4.37744405769126,4.66295701877789,2.37584111188835,-1.01434126933827,2.4465265760432,4.42454837573951,3.55787108480263,1.94860153676882,3.00795862172208,-0.855146754957332,69.0848432735861,726.153998467527,655.954450441848,588.120728202567,788.110358694268,692.752080436699,609.478332353636,681.420178201351,688.348563203181,708.432344857668,551.867668211057,378.351535477836,535.876974275411,343.815445491062,414.779500352287,542.175017159774,459.600889980251,385.546596771193,335.296572970873,151.070862068888,258.158335917738,285.438250294358,180.036058137187,180.928782675577,194.770238230186,229.05578669413,214.83347695875,345.898332042958,-2.56879143190145,-3.03449396022188,-0.990676001542852,0.950613580397658,2.90617607778086,-2.50735453168954,0.34414861608866,0.810595508949064,2.91497052733575,8.0239315277322,9.92763699740817,1.53266002836563,0.0159676579555708,0.629542241320905,79.2776188422013
,37,2336.01575523646,2321.09946332241,2347.65002052679,2311.05660421963,2246.80755782045,2148.18101242437,2263.6157608132,2063.21897667649,2536.37194118471,2312.83253952669,2337.15825920202,2068.5946338911,2545.41986132113,2391.09659667622,2569.08433775116,2482.60378333989,2485.63936442734,2589.43771169662,1524.03716015003,1587.40286577798,1452.41396958724,1500.71339147565,1455.69826773372,1211.7074381377,1552.92352105683,1552.86221410694,1557.30221978687,2.71882686338722,1.96951155173065,0.556888603429798,1.76797223215817,1.20710450892102,3.72605930382679,2.81569509793235,2.9142510452034,1.04558793203614,0.500507511354499,2.87305197919204,4.44018427200081,0.610465777972422,6.89997883983142,86.6303334631798,0.895366720044422,-0.788260776701009,0.0660424644079285,1.09086975142327,4.10815853005624,3.16200636538679,1.97309935271778,-4.04827888576392,2.5268976829725,4.02807942739264,-1.30360544067753,66.2075267150167,1050.50455440852,970.656777379339,892.464456912898,1127.16679215148,1009.75742570914,890.53980233441,991.686454588481,989.506270005123,1032.26696821767,786.809400800944,623.115627308645,771.848733898836,542.904944438609,655.895863415063,794.444871420436,689.40493100998,582.84229483403,528.074824769006,249.521669751486,402.227859793072,448.089596711718,291.994485473235,293.603181466,317.914618527373,360.60305796129,341.324590427459,511.795850086924,0.219836432224383,-0.475889885266042,0.598057175750455,-1.73047141531379,1.66101759361891,0.126595804391854,0.660847883542829,-3.86367646600138,-1.80090892697399,4.81314867482934,9.92240616341587,0.508564982526877,1.24034326472292,0.193103248039279,80.9653115822953
,38,2368.43939538526,2353.56672336785,2379.42666581979,2343.1944903796,2277.64591326611,2179.04998942397,2295.42192934598,2092.32545452983,2571.9523962394,2349.62161607436,2372.26549744132,2100.96004685652,2580.41343038484,2429.3591298557,2608.18178245082,2523.42604271788,2525.26384167588,2632.53935064125,1574.78615077572,1638.83263639172,1502.11202958762,1549.34270518887,1500.82630125207,1247.59993206863,1588.75904114393,1603.20398505391,1600.4750778891,0.509425431864656,-3.52638439836119,2.32826887402825,0.575414123155952,-3.12094937312304,-2.52476968030624,-1.46739375209791,1.96908846974156,-0.875847418014473,-1.25862208175977,0.441342985825486,3.44973004644453,0.543215890053489,2.88977744996419,87.590017083191,-0.870672188090339,1.02899735275241,2.47296301434744,-0.966774781260483,3.1805120564145,-3.82315599075764,1.8846322598506,2.15494834731862,1.44052195955737,4.02632422695115,-0.045483453183806,65.6753685974427,1404.03737438356,1331.27825532243,1249.79227398261,1494.37077079554,1359.66684285175,1202.03411335856,1334.52348152239,1316.60242438742,1389.9580936459,1037.96319126387,892.711658457733,1024.8190094078,750.313704199049,906.916320847562,1074.8277972846,946.65117271612,783.736987626884,728.237929051424,379.192774899602,550.909926988444,618.396384969103,430.789889123209,419.405509879706,470.435075872906,506.049278265694,488.309478743899,684.425096929199,-1.22813449906243,-2.88024055428059,1.25232139026457,-1.19717477432187,-2.34870863605875,1.57708291984,-1.83782913851383,-0.806108898534148,0.0511701463146892,5.75376176732789,9.14097311148225,1.21182220843775,2.88255434379744,0.347472849220139,82.4219081318197
,39,2397.00900460015,2380.3229335095,2405.24134068171,2372.56943398724,2302.44571274749,2205.46288195618,2323.23672351934,2115.82945316798,2603.43335550526,2381.21341756453,2396.53810467819,2127.75981442746,2610.60519321694,2460.10237845162,2645.84842633941,2557.60602873693,2561.12289277031,2667.33679656583,1620.63534801039,1688.6742383024,1549.45382704322,1597.90274996558,1545.44590814531,1278.40816158975,1620.43824609317,1649.95629807905,1639.64325880692,0.23297998068665,2.88218443226515,1.13324928391376,1.27841952151402,1.52310069418036,-1.05490315216866,0.891864485015503,1.80237169056136,1.27163321716898,-2.12523045362104,0.277591976649546,1.1579258889119,-2.65773078726897,0.698211847569382,89.0590913467659,-1.19193012140295,0.306044325808671,1.21868510858394,2.62702792450045,-1.30862590823199,0.570445189259772,-4.01747487555031,-3.32483106864174,0.858139048274097,-2.19508641582888,5.00187486977666,73.6103322118365,1755.08370125842,1693.5380776025,1625.71176553795,1852.3110453587,1712.01485465451,1514.03440255245,1674.76100460521,1637.57681061184,1743.37684217447,1276.67292724254,1178.34645314497,1272.27814159502,964.759661287843,1161.09065378587,1351.10712207223,1205.09666726081,988.132014590711,928.43979776377,510.308163335328,702.782875561073,792.69605689883,571.935807022295,550.131622472041,625.270233995648,653.445257765909,637.018980139755,857.271895312711,0.862095162766764,0.117448109326688,-1.64952641563696,-3.19659058098568,1.3529057595315,-0.981119725614008,-2.01126460978003,0.741140379613626,1.3558012847011,1.26317912696277,9.85367413446329,-2.92407842018929,1.73742275255745,4.07880264779806,82.0885207709125
,40,2419.69136120859,2402.95756950605,2427.73777728661,2396.34068351919,2325.42819954772,2227.33520329864,2347.44778413099,2136.19691064526,2629.69770377856,2406.15094430632,2419.22829828091,2151.03654664954,2635.06964243459,2487.67933972587,2680.46486606728,2586.82471123961,2592.75424314914,2696.89387209355,1668.06740494509,1736.26622304189,1593.28068876002,1641.46519975945,1589.20991944714,1308.20067003337,1652.43463655045,1693.72163454259,1676.39011058406,0.541004400564361,-1.54295425837381,-1.04325185662128,-2.22148802881929,-1.78149802308508,-2.86035193051885,0.133502712135396,-4.12815858630938,-0.411094419471738,4.62010241728467,1.29233772252064,-1.48521252313139,-0.718473670161984,0.0236580425826105,95.2769398726946,0.575798067644882,-1.51169347162659,-0.589134391493644,2.46906654501799,1.65781188592427,-1.54381807299251,1.30799217465346,2.49799614919493,1.12878134361245,0.0808681246385277,1.81825580325358,74.2797179274662,2073.28390092358,2030.2018880403,1981.60473859039,2176.78414922222,2033.63911986029,1799.74469495699,1988.34286179373,1930.18022028798,2066.88623374473,1489.30488328209,1454.2812689932,1497.28350756418,1171.29729358633,1398.43458127371,1602.32159932761,1440.17880559511,1179.96805448668,1120.88273384509,641.295515373082,848.38641552158,959.433355637563,714.44392514223,683.023240565907,781.819625442507,797.649512187567,783.014372941564,1021.32471217415,2.51980284834463,1.12016730279038,1.49491024222698,2.03790462575125,0.327394365799137,-0.569256391472209,2.89510943573487,1.21600981258507,-0.958311276955556,0.726163853874368,8.23932665956545,-2.20852516807281,0.649243917513559,-0.915759237881048,83.064106693982
,41,2441.06140943595,2423.78337773485,2446.86777607925,2418.38407735739,2343.35775315077,2245.9938187586,2367.08832116444,2152.75444073392,2649.82359812683,2429.40887315349,2434.49818428858,2175.46610207152,2655.97395067224,2510.49213427161,2710.30398853963,2612.40069131036,2620.31887346662,2720.78215179235,1710.57623953436,1780.54272529426,1634.42186483849,1685.05311884442,1630.30560483768,1335.23545840267,1680.5521333951,1731.582171258,1709.92348046495,2.41117705966917,0.994811105089411,0.481775242271851,-0.995650506108177,1.99201882195212,3.09747046777466,1.24697538263035,-4.56774589049064,-3.02905352488551,-2.74473622312735,1.07722091439291,-0.0157245016557681,-0.0446540452981026,-1.35191683278936,91.8577614989881,2.50723202960535,-0.69763787069769,-1.02821427225444,-0.607254915246358,1.71929259445233,-0.753323578331219,1.92227568387443,-0.324016733366989,-0.613683313600632,1.14183984434931,-7.31828300384996,69.4550004248763,2345.55921585648,2321.69413658445,2301.41488884778,2456.55718465932,2311.45851049935,2045.85551527475,2259.62504403071,2182.30286649998,2344.65217481744,1670.85076914834,1697.9980803962,1696.17144902493,1363.21675844472,1608.23970805475,1816.79820958062,1645.8247824307,1359.79164069918,1295.31243858304,769.238512367525,987.118062918421,1115.82030503718,849.351873969258,811.729349432416,933.231337275452,933.666151243897,923.726283164546,1173.03318236918,3.57200894061498,-3.67191698754232,-0.865774695960681,3.4890567760599,0.84009973691991,1.1034170795233,-2.75387391149889,1.41752370995209,-0.377059051341348,2.3606101069181,6.98814082798253,-0.993204271103423,-0.284586597146699,-0.130661147098181,86.0430124607215
,42,2457.62668172538,2443.18828396935,2464.00679053661,2437.48662988747,2362.04595686024,2261.73747607478,2384.80668044564,2166.41011295838,2668.32558310525,2448.03392029331,2450.69788874781,2193.38664080649,2674.8370046435,2528.46018738584,2734.06126700814,2635.01491952663,2642.533253446,2742.94838052945,1751.91592898824,1821.87058102631,1671.66418632162,1726.10140920936,1669.87285513006,1361.19984563662,1706.86272618139,1768.85077920338,1740.25100539586,0.715616187940213,2.4624986159688,1.08315281902605,1.14799172513813,-2.65973679241506,-2.64894178580471,1.68289227667083,1.20722053075679,-1.98597695531453,0.556155435516757,2.62275172341606,-0.575718008915374,-1.36308365600053,-1.14727086383891,92.7019824472641,-3.92328891198258,-1.48366454091592,-0.375180862548405,-2.0737095417312,-0.914413139464614,-4.47151907268744,-2.67415434721079,0.748709896799937,0.565370367944524,-3.85254308339381,-1.22250245008627,74.1807456841548,2569.15770936004,2569.97771495832,2571.36978660906,2686.75510728306,2541.02019923933,2249.51906813766,2483.74271069938,2390.84742712168,2577.24191326164,1824.91946421278,1906.57959034607,1865.44582829543,1535.93715651461,1790.35857183355,1996.79722031323,1817.31160458191,1518.80694292598,1453.00900182028,891.493452470002,1117.43903182934,1261.09601406583,977.686268373852,931.363338531482,1074.0198270033,1058.37767788628,1055.08139415784,1315.55939857113,2.08611394258378,-0.275058441710371,0.290394842228125,-3.31347673805476,-1.40203259625196,1.31115248011884,3.35687908816044,-2.24679012974457,1.54887550574767,2.39338515152258,2.65890668975135,-1.56524822574602,-2.89543101843583,-0.415529356549541,86.6020540873405
,43,2473.44293715564,2458.21494553638,2479.07156042958,2453.5622617719,2375.83689231316,2275.46946837303,2399.59796672656,2180.51039321072,2683.85340689657,2466.07937132334,2462.76908246888,2209.08233933179,2690.55015027171,2544.48213646534,2752.353750448,2654.42995618378,2662.83312160752,2760.46867942956,1790.76744634783,1864.02732851018,1706.69062281835,1766.38439258096,1706.20848212744,1385.12827817942,1728.81976367247,1794.32842658093,1766.84028772176,0.198401358228239,-2.71050041606713,-1.62398155620349,-3.28105436095848,-1.2428263957886,-2.50439397355967,0.94789290949484,-0.966632388429389,-0.850295217708208,-1.68851912044784,-1.91908300837667,-2.12080546807647,-2.39982243394434,0.918118486733874,95.0064175942503,-2.61129233941119,-3.58727847188675,-2.04318407306528,-0.845294881428799,-0.135514968202642,-2.23406411158203,-4.0128918833002,0.801171422442167,0.452728184604439,-3.28285129266851,-1.56484968067207,75.9362107510574,2748.78754594755,2770.67693734403,2794.49312861851,2871.00718138281,2729.50903841473,2414.86500248959,2662.93940656805,2557.42065457313,2765.83123831038,1956.04117770901,2078.12183423359,2013.70555826439,1687.47230722992,1944.32131616803,2146.50524344396,1958.21238308304,1660.44178878877,1590.06608871849,1004.35573010656,1236.9864009796,1393.58029595321,1096.49659862963,1043.67328591459,1202.91842414204,1174.29372295369,1177.12249955162,1443.87963267342,2.81490659019619,-0.84274587032769,-0.390677934581163,1.70305468000424,1.43134525181358,0.146168185783154,0.12788145186687,1.37966093404793,1.48161977421478,-0.835138005449153,3.32147846174576,-1.79648236012508,-1.75118777232046,-1.18488313767375,85.4422796941676
,44,2485.97678455816,2471.33787739311,2490.71300673427,2465.3703027208,2387.42113024661,2286.84485749491,2413.64777618415,2191.62729004261,2699.18027843687,2479.55457372361,2473.85333940765,2219.98423305584,2704.52115053479,2556.2060243365,2770.70764276887,2670.83960534289,2677.50520051877,2774.52406322806,1829.42550563693,1903.42033686744,1742.23652225095,1804.78552610644,1740.65220431727,1405.34901719183,1749.53857818831,1817.21218582009,1791.04124835221,-2.3885850645097,-0.531570304589877,1.31973627214347,-0.730729118274212,-1.96127979072799,2.06031859424911,-1.17558889780639,-1.91940097205634,-3.15519934129361,-0.302878273642364,0.515247189003276,2.68219783068889,-2.45386028532175,-0.898226472965689,92.4539332476083,-1.76401464044193,1.38759798162619,-1.06080633518195,-3.48378494579447,1.2513944768948,-6.20091515031618,-2.89387321591312,-3.2137869626481,-1.03227823643056,0.475339493025331,-0.0646819022804266,73.7752876100071,2890.27428488822,2925.16450866204,2968.44758362755,3013.67789404735,2877.14007786968,2544.33613870052,2802.77687978207,2686.56336382953,2912.56999100089,2064.6693972664,2217.81471551539,2138.13378650756,1818.20220575358,2074.49276698782,2270.41621643448,2072.15048999793,1783.86612793469,1707.29569570954,1108.4705684901,1347.76253583361,1511.8252056345,1210.93604381449,1149.79194463415,1318.31721158898,1280.10401939339,1290.34812759185,1558.44729925581,1.95046200146317,-1.74209417841257,0.0388525973985452,-0.571930922872525,-0.431715208344031,1.00295653489911,-2.16516411523844,1.08394622431206,-1.0401650457643,-1.13092706278758,2.36438953468951,-0.270198817265737,-0.816271164474983,-1.91553641259407,86.9650188613541
,45,2498.56337569128,2480.45846199662,2499.07745515989,2473.94495484288,2395.67929803535,2296.85515789765,2424.07099918732,2203.1260951981,2713.33155407402,2491.55941717446,2484.30509317128,2231.75570245862,2716.53819695504,2570.06183383891,2784.48391135389,2684.29228469869,2691.00849749892,2786.07590342062,1868.41251452382,1941.39077014775,1773.29508966929,1841.9506613443,1774.85271542475,1425.39287507513,1767.23210734899,1837.81101223427,1815.24402106291,0.259301671298999,-1.98347293294864,-5.27091770141396,-2.8388069609,-6.55891749183456,-0.71575127570668,-0.558211939192461,-2.8166592725147,-1.584738592127,-4.77819473405089,-0.269823286161227,-1.97611390135808,-1.91519134763303,-3.98018467777865,95.6421920040025,-2.41737970723807,1.9647085618335,-0.997236642758708,-3.21022656476634,-1.69045364093199,-0.0502895833474213,-4.00102915656316,-0.495824744419679,-3.05479296576823,0.446691445796205,-1.56125087253258,73.0440687924588,3000.97400881808,3046.71165650694,3108.53155265038,3127.62158493016,2994.37722907095,2647.38133266654,2914.10680994617,2790.84162674284,3026.78263184472,2155.24639147147,2332.71692988572,2246.59213060046,1933.51305563864,2185.71845761598,2370.090236944,2167.8732416783,1893.4656734659,1808.57534091625,1205.69859820796,1445.9695501233,1618.24620856975,1317.30596685226,1249.92794828777,1426.75311742664,1379.1509313821,1397.24781061913,1660.36018441186,0.665843354239314,1.1501193346744,0.717923408247316,-0.11118861845307,2.43212966642295,-0.0919691327194414,0.00226269418226366,1.45450837939097,0.774617275831588,-1.26414371511191,1.36995867028691,1.34663995182655,-5.29293505458054,-4.51282160730307,88.9426162521449
,46,2505.9914298141,2491.2222852741,2507.00188388881,2482.13082963806,2403.24353647438,2307.13722031752,2433.17856524741,2210.67171592369,2724.54684417301,2499.87124211468,2493.19809387569,2238.1935401664,2726.41719828291,2579.41825932106,2799.1220932649,2695.8698938638,2701.03369439959,2797.15187072865,1904.60709990675,1975.36458288589,1803.41644869899,1879.82028470389,1806.79725053815,1441.87977889171,1787.03568048721,1863.26653401976,1836.64870649689,0.740598047365893,-2.74821816203303,-2.73357270844917,-4.49616842593514,-3.36789273111526,0.715466000615379,-7.52336444570165,-3.33706770207846,-3.11797786355282,-0.834180274265691,-3.55708897127215,-1.31191547601429,-3.81062865659715,-0.912712518814715,93.133073990145,-5.2094995366183,0.498773030799839,-6.92416811115891,-5.26077611676192,-1.79082630257517,-0.244132755919054,-1.6148114161856,-3.16164252405588,-0.300846698687565,-3.84447388584113,-0.771171492423036,79.3193897872779,3090.11957663622,3143.9649285394,3220.55798445096,3217.25147365842,3085.10429540393,2726.18664217444,3004.85514791251,2871.43588130529,3116.93941646626,2232.9780124635,2428.12397544626,2337.85476576128,2037.10898034828,2281.68856175127,2452.42554825413,2251.57108859636,1990.83056829036,1894.86309814979,1297.73174232582,1539.83188328038,1714.89830289235,1415.13360806468,1342.80937580217,1526.90765800561,1471.77397307446,1498.13571738891,1755.94943603287,3.48911467021526,1.69824847308746,3.0635233615476,-3.02415455977734,-1.77055456513563,-0.173503752133911,-0.117139400063934,-3.70496157444222,-2.19194947768983,-9.86234445405216,0.619283206734963,0.605518791824579,-0.131974178523706,-2.74774270926127,88.8559959697632
,47,2514.53977331076,2498.17026580883,2512.29929010422,2490.68174009096,2409.4081006158,2313.57943501427,2438.39284048786,2216.78134068614,2733.24428836571,2508.59228820356,2500.96950485762,2245.84056463862,2735.4833759949,2589.27309543166,2811.7071422509,2703.74795381278,2710.18395169641,2808.71341401231,1938.7451502689,2010.08656416441,1826.89924121726,1913.46639980627,1837.99972800052,1457.69425911363,1805.65917265118,1888.00774240876,1855.79248097638,-1.2494327685572,-5.23444945408119,-3.73820439708697,-6.00953058582218,-4.65232193319571,-0.763628761540986,-0.468699538648252,-4.33553504663178,-3.94210850148465,-4.68161115459816,-5.63902763713259,-3.33483516006481,0.308957827940048,-3.13200283359492,95.7258774763523,-7.45950689628171,-0.541649295560092,-3.38860586355941,-2.59363170373672,-1.92150750093106,-4.69645481198449,-4.68379454176693,-2.19309138345989,-0.340182702105267,-2.89051775111784,-1.96289441039926,74.769949507076,3161.87826453458,3224.91474206381,3312.1055697021,3288.71127971599,3160.6929071278,2794.09805278576,3074.59585804724,2937.23934678653,3191.96070918706,2299.77143983528,2505.27979135983,2417.18665363775,2129.24287707504,2364.07128414986,2522.30923925086,2321.5536450447,2075.56520735455,1972.3724887375,1383.13016650912,1625.49376313125,1802.5481251023,1505.67268354566,1429.1638800258,1619.15418167794,1558.103938963,1591.09069535317,1842.09878586344,3.24624764671535,-0.279658686309631,0.756206429407484,-2.61718176499107,1.56138761114835,-1.95092912747759,1.18720752787885,-1.08479990225533,-1.12240064340631,-3.66347643126255,-4.43100574187383,-3.55558985963444,-0.630183942412714,-4.56959102262726,88.0180612432623
,48,2519.40809945281,2505.11709845926,2516.45513153633,2498.85118140696,2414.82125740395,2319.52441892332,2443.7717820491,2220.71900316187,2739.67154263855,2515.91543625953,2507.15590474213,2250.5704968836,2742.63327293679,2595.31120074395,2823.35774578293,2711.35890664698,2718.59570721739,2819.25979100424,1969.59596327266,2043.63272674534,1852.00247512604,1945.55633567784,1863.63369102362,1471.00816214908,1823.92786030913,1910.24634381248,1874.06915095498,0.419375589712672,-2.86493020485523,-4.68642812189819,-5.77721053810637,-5.43455081985667,-0.74993674711186,-1.03543709956239,-4.48870349215531,-5.31385575221339,-4.41213109057753,-2.71364741827301,-1.2298382837821,-5.09926430290352,-4.06096974304864,94.2365162074821,-5.02600400818528,-1.50143960199557,-5.64198663382876,-2.22847699942122,-0.127502537825876,-6.38576341808994,-1.10565306861145,-4.58824102341896,-2.07125847054067,-6.18411146137532,-1.20984413314409,78.0328263695292,3221.23643637567,3286.65822959717,3383.53052535728,3345.13948803463,3218.35448852736,2845.26568502876,3131.01517963011,2989.64309794421,3252.71006638391,2355.93180090404,2571.55212667895,2485.18850320114,2210.35702897399,2432.737603262,2581.57536500845,2378.14398718042,2149.90970843171,2041.05772459264,1461.64475017643,1704.02533200774,1881.95498400953,1589.71277461236,1508.56125108969,1700.79964094886,1635.51623382609,1675.64077937256,1920.76420163017,-0.0449839847246949,-4.474526299427,-2.79979806623169,0.394907157141461,-1.36326264727586,-2.73154415994895,-1.81641262999983,-3.21774864428835,-4.57055894020505,-7.82206033895045,-6.47890281020364,-3.65815034184925,-1.87663892308001,-3.87066223840611,94.0630953444711
,49,2526.3875735412,2510.0264385994,2517.75011217848,2505.24370947357,2418.11813784006,2322.52534479593,2448.3329580804,2224.47598900618,2746.32630058378,2524.26400260192,2511.00895879899,2258.33901062357,2751.85166994646,2604.51719949422,2831.82602188914,2717.58749505219,2726.65368059658,2828.06614151984,2003.00312281924,2077.62633442299,1872.85047321258,1975.519259666,1891.97953354289,1485.29178282191,1840.1234070792,1932.12947096694,1893.19132092439,-4.47150901132272,-2.46564528941417,-4.68408255957365,-3.81890515874602,-7.68871929017951,-0.191530091288769,-7.05447755645082,-7.44180895571162,-4.77067840706286,-5.36512059197685,-5.09213670143299,-1.42517404444516,0.03842763239345,-4.10167055035936,96.4065059474315,-8.59814763306849,-0.219282694418325,-4.4823346279104,-9.20658869237832,-4.09482174194682,-4.0590783733187,-0.796862925831192,-2.77204119406406,-1.23443662544696,-4.41898829137426,-3.82137451246535,79.1872188485527,3269.80143351641,3334.17278975316,3437.60162621187,3393.97722718446,3266.75148454353,2888.76435771264,3175.26985941376,3032.7711119991,3301.51446343041,2404.09636421109,2623.46400090566,2543.60303722681,2277.58296329007,2489.58110194937,2631.47228757357,2422.04569442557,2214.9260196394,2100.76521520997,1534.45852120016,1775.58624356609,1951.97828763585,1669.33374822267,1581.12038937374,1775.57311556006,1707.50072296836,1753.97215919434,1989.48760868502,0.790384168622495,0.431807124045463,-2.18772679116728,-1.10242177265491,-2.75052536524572,0.107778880771093,-1.16390652790915,-3.34138052837625,-2.90626467775519,-5.79606104069262,-3.84281108651521,-4.48030697422519,-3.85705115067003,-1.9653899533032,91.7127152336652
,50,2531.8581641199,2515.54699741239,2518.65636888497,2510.08361032079,2420.76794270741,2327.04743176201,2453.89672895103,2228.47204402062,2753.10420172369,2531.17683581149,2512.24812461997,2263.18130936792,2760.55024509928,2615.10013008198,2838.65367271195,2724.92036943188,2735.62991307897,2836.00270551763,2036.23044861921,2110.25947382908,1893.10411414182,2008.22706460855,1920.45332838662,1499.94609690601,1855.54850634173,1952.62029882121,1913.27838789646,-4.40855195801669,-3.43063791956229,-8.72661240296884,-6.55743768663979,-6.20734666226736,-4.04920056923265,-2.91293460503493,-5.86335626911796,-3.35757941845441,-3.85815225378701,-2.88799573442475,1.83789313725902,-4.98919926846975,-4.95294078749293,95.4335028803143,-10.260410310008,-5.22655117193381,-8.19191760607328,-4.83514170601666,-2.38772891568124,-4.89997177524901,-6.21919721047925,-2.8519635521825,-3.18079735214997,-4.91773754051337,-6.28004213283566,74.6242158968198,3314.90851071632,3372.73390520003,3480.62625678734,3440.10477575076,3309.62578019517,2923.44605128831,3217.42115707548,3067.99118756611,3345.19680970155,2450.01828775362,2670.21108070193,2597.93455163177,2338.20645889493,2541.16764228087,2675.04464587051,2461.63499377179,2275.79677678567,2153.21466916111,1603.44977838222,1843.8954054832,2016.8804322437,1745.02385649838,1647.0144178201,1848.72849970967,1777.41723942249,1829.0519362433,2055.48154510433,-0.791959933954786,-2.74008241024603,-4.64693202229182,-5.12640633605724,-5.851893158856,-0.687178305107864,-4.67769682363087,-1.71114540261169,-2.27462142962031,-8.80181894775615,-5.20833166533885,-1.88024189386033,-4.70949331542852,-2.23740837380683,90.1277158008961
